,Astrocyte,Oligodendrocyte,Microglia,Endothelial cell,Neuron,OPC,Pericyte,Macrophage
Astrocyte,1.0,0.1358969222979034,0.010163370589486322,0.10318310282399168,0.08369585694365679,0.10222990428929926,0.018802696355734855,0.05705450119230002
Oligodendrocyte,0.1358969222979034,1.0,0.006211153591304754,0.04466598280608478,0.09903798242569768,0.16207275739029386,0.028448635044517948,0.019214508046143074
Microglia,0.010163370589486322,0.006211153591304754,1.0,0.04185408218483653,0.04916680133944585,0.007329923188125804,0.00017459599987467965,0.1452618587460504
Endothelial cell,0.10318310282399168,0.04466598280608478,0.04185408218483653,1.0,0.05232600980669736,0.00799184759630233,0.10090768232728005,0.005746943144030962
Neuron,0.08369585694365679,0.09903798242569768,0.04916680133944585,0.05232600980669736,1.0,0.13834854198602708,0.0027137734271019875,0.29381120147364376
Unknown,0.10405432306898496,0.11655267400640303,0.06616041004494225,0.3955134861131578,0.21850542858226044,0.0,0.0,0.0
Collision,0.16648189258683707,0.24771738333632917,0.020036964714519177,0.1718558707376824,0.12360345631525893,0.0,0.0,0.0
